x,y(x),y'(x)
0.0000000000e+00,0.0000000000e+00,1.8432245432e+00
1.0000000000e-03,1.8432245432e-03,1.8432245605e+00
2.0000000000e-03,3.6864491037e-03,1.8432246405e+00
3.0000000000e-03,5.5296737442e-03,1.8432248110e+00
4.0000000000e-03,7.3728985552e-03,1.8432250929e+00
5.0000000000e-03,9.2161236481e-03,1.8432255033e+00
6.0000000000e-03,1.1059349151e-02,1.8432260577e+00
7.0000000000e-03,1.2902575209e-02,1.8432267697e+00
8.0000000000e-03,1.4745801979e-02,1.8432276520e+00
9.0000000000e-03,1.6589029631e-02,1.8432287164e+00
1.0000000000e-02,1.8432258347e-02,1.8432299739e+00
1.1000000000e-02,2.0275488321e-02,1.8432314351e+00
1.2000000000e-02,2.2118719756e-02,1.8432331098e+00
1.3000000000e-02,2.3961952866e-02,1.8432350076e+00
1.4000000000e-02,2.5805187874e-02,1.8432371375e+00
1.5000000000e-02,2.7648425011e-02,1.8432395084e+00
1.6000000000e-02,2.9491664519e-02,1.8432421286e+00
1.7000000000e-02,3.1334906648e-02,1.8432450064e+00
1.8000000000e-02,3.3178151654e-02,1.8432481498e+00
1.9000000000e-02,3.5021399804e-02,1.8432515663e+00
2.0000000000e-02,3.6864651371e-02,1.8432552636e+00
2.1000000000e-02,3.8707906634e-02,1.8432592488e+00
2.2000000000e-02,4.0551165883e-02,1.8432635291e+00
2.3000000000e-02,4.2394429412e-02,1.8432681115e+00
2.4000000000e-02,4.4237697523e-02,1.8432730027e+00
2.5000000000e-02,4.6080970526e-02,1.8432782094e+00
2.6000000000e-02,4.7924248736e-02,1.8432837381e+00
2.7000000000e-02,4.9767532474e-02,1.8432895952e+00
2.8000000000e-02,5.1610822069e-02,1.8432957868e+00
2.9000000000e-02,5.3454117856e-02,1.8433023193e+00
3.0000000000e-02,5.5297420175e-02,1.8433091985e+00
3.1000000000e-02,5.7140729374e-02,1.8433164305e+00
3.2000000000e-02,5.8984045804e-02,1.8433240210e+00
3.3000000000e-02,6.0827369825e-02,1.8433319758e+00
3.4000000000e-02,6.2670701801e-02,1.8433403006e+00
3.5000000000e-02,6.4514042101e-02,1.8433490009e+00
3.6000000000e-02,6.6357391102e-02,1.8433580821e+00
3.7000000000e-02,6.8200749184e-02,1.8433675498e+00
3.8000000000e-02,7.0044116734e-02,1.8433774092e+00
3.9000000000e-02,7.1887494143e-02,1.8433876656e+00
4.0000000000e-02,7.3730881809e-02,1.8433983242e+00
4.1000000000e-02,7.5574280133e-02,1.8434093900e+00
4.2000000000e-02,7.7417689523e-02,1.8434208683e+00
4.3000000000e-02,7.9261110391e-02,1.8434327639e+00
4.4000000000e-02,8.1104543155e-02,1.8434450818e+00
4.5000000000e-02,8.2947988237e-02,1.8434578269e+00
4.6000000000e-02,8.4791446064e-02,1.8434710040e+00
4.7000000000e-02,8.6634917068e-02,1.8434846179e+00
4.8000000000e-02,8.8478401686e-02,1.8434986734e+00
4.9000000000e-02,9.0321900359e-02,1.8435131750e+00
5.0000000000e-02,9.2165413534e-02,1.8435281274e+00
5.1000000000e-02,9.4008941662e-02,1.8435435353e+00
5.2000000000e-02,9.5852485197e-02,1.8435594030e+00
5.3000000000e-02,9.7696044600e-02,1.8435757352e+00
5.4000000000e-02,9.9539620335e-02,1.8435925362e+00
5.5000000000e-02,1.0138321287e-01,1.8436098106e+00
5.6000000000e-02,1.0322682268e-01,1.8436275625e+00
5.7000000000e-02,1.0507045024e-01,1.8436457964e+00
5.8000000000e-02,1.0691409604e-01,1.8436645165e+00
5.9000000000e-02,1.0875776056e-01,1.8436837272e+00
6.0000000000e-02,1.1060144428e-01,1.8437034325e+00
6.1000000000e-02,1.1244514772e-01,1.8437236367e+00
6.2000000000e-02,1.1428887135e-01,1.8437443439e+00
6.3000000000e-02,1.1613261570e-01,1.8437655583e+00
6.4000000000e-02,1.1797638126e-01,1.8437872839e+00
6.5000000000e-02,1.1982016854e-01,1.8438095247e+00
6.6000000000e-02,1.2166397806e-01,1.8438322848e+00
6.7000000000e-02,1.2350781035e-01,1.8438555681e+00
6.8000000000e-02,1.2535166592e-01,1.8438793786e+00
6.9000000000e-02,1.2719554530e-01,1.8439037202e+00
7.0000000000e-02,1.2903944902e-01,1.8439285969e+00
7.1000000000e-02,1.3088337761e-01,1.8439540124e+00
7.2000000000e-02,1.3272733163e-01,1.8439799706e+00
7.3000000000e-02,1.3457131160e-01,1.8440064754e+00
7.4000000000e-02,1.3641531807e-01,1.8440335305e+00
7.5000000000e-02,1.3825935160e-01,1.8440611396e+00
7.6000000000e-02,1.4010341274e-01,1.8440893066e+00
7.7000000000e-02,1.4194750205e-01,1.8441180351e+00
7.8000000000e-02,1.4379162008e-01,1.8441473287e+00
7.9000000000e-02,1.4563576741e-01,1.8441771913e+00
8.0000000000e-02,1.4747994460e-01,1.8442076263e+00
8.1000000000e-02,1.4932415223e-01,1.8442386375e+00
8.2000000000e-02,1.5116839087e-01,1.8442702283e+00
8.3000000000e-02,1.5301266110e-01,1.8443024025e+00
8.4000000000e-02,1.5485696350e-01,1.8443351634e+00
8.5000000000e-02,1.5670129866e-01,1.8443685148e+00
8.6000000000e-02,1.5854566718e-01,1.8444024600e+00
8.7000000000e-02,1.6039006964e-01,1.8444370025e+00
8.8000000000e-02,1.6223450664e-01,1.8444721459e+00
8.9000000000e-02,1.6407897878e-01,1.8445078936e+00
9.0000000000e-02,1.6592348668e-01,1.8445442489e+00
9.1000000000e-02,1.6776803093e-01,1.8445812154e+00
9.2000000000e-02,1.6961261214e-01,1.8446187963e+00
9.3000000000e-02,1.7145723094e-01,1.8446569952e+00
9.4000000000e-02,1.7330188793e-01,1.8446958152e+00
9.5000000000e-02,1.7514658375e-01,1.8447352598e+00
9.6000000000e-02,1.7699131901e-01,1.8447753323e+00
9.7000000000e-02,1.7883609434e-01,1.8448160360e+00
9.8000000000e-02,1.8068091038e-01,1.8448573741e+00
9.9000000000e-02,1.8252576775e-01,1.8448993499e+00
1.0000000000e-01,1.8437066710e-01,1.8449419668e+00
1.0100000000e-01,1.8621560907e-01,1.8449852278e+00
1.0200000000e-01,1.8806059430e-01,1.8450291363e+00
1.0300000000e-01,1.8990562343e-01,1.8450736954e+00
1.0400000000e-01,1.9175069713e-01,1.8451189084e+00
1.0500000000e-01,1.9359581604e-01,1.8451647783e+00
1.0600000000e-01,1.9544098081e-01,1.8452113084e+00
1.0700000000e-01,1.9728619212e-01,1.8452585018e+00
1.0800000000e-01,1.9913145062e-01,1.8453063617e+00
1.0900000000e-01,2.0097675699e-01,1.8453548910e+00
1.1000000000e-01,2.0282211188e-01,1.8454040930e+00
1.1100000000e-01,2.0466751597e-01,1.8454539708e+00
1.1200000000e-01,2.0651296994e-01,1.8455045273e+00
1.1300000000e-01,2.0835847447e-01,1.8455557657e+00
1.1400000000e-01,2.1020403023e-01,1.8456076889e+00
1.1500000000e-01,2.1204963792e-01,1.8456603002e+00
1.1600000000e-01,2.1389529822e-01,1.8457136023e+00
1.1700000000e-01,2.1574101183e-01,1.8457675984e+00
1.1800000000e-01,2.1758677942e-01,1.8458222915e+00
1.1900000000e-01,2.1943260172e-01,1.8458776844e+00
1.2000000000e-01,2.2127847940e-01,1.8459337803e+00
1.2100000000e-01,2.2312441318e-01,1.8459905820e+00
1.2200000000e-01,2.2497040376e-01,1.8460480925e+00
1.2300000000e-01,2.2681645185e-01,1.8461063147e+00
1.2400000000e-01,2.2866255817e-01,1.8461652516e+00
1.2500000000e-01,2.3050872342e-01,1.8462249060e+00
1.2600000000e-01,2.3235494833e-01,1.8462852809e+00
1.2700000000e-01,2.3420123361e-01,1.8463463791e+00
1.2800000000e-01,2.3604757999e-01,1.8464082035e+00
1.2900000000e-01,2.3789398819e-01,1.8464707569e+00
1.3000000000e-01,2.3974045895e-01,1.8465340423e+00
1.3100000000e-01,2.4158699299e-01,1.8465980624e+00
1.3200000000e-01,2.4343359105e-01,1.8466628202e+00
1.3300000000e-01,2.4528025387e-01,1.8467283183e+00
1.3400000000e-01,2.4712698219e-01,1.8467945597e+00
1.3500000000e-01,2.4897377675e-01,1.8468615471e+00
1.3600000000e-01,2.5082063830e-01,1.8469292832e+00
1.3700000000e-01,2.5266756758e-01,1.8469977710e+00
1.3800000000e-01,2.5451456535e-01,1.8470670131e+00
1.3900000000e-01,2.5636163236e-01,1.8471370124e+00
1.4000000000e-01,2.5820876938e-01,1.8472077715e+00
1.4100000000e-01,2.6005597715e-01,1.8472792932e+00
1.4200000000e-01,2.6190325644e-01,1.8473515802e+00
1.4300000000e-01,2.6375060802e-01,1.8474246353e+00
1.4400000000e-01,2.6559803266e-01,1.8474984612e+00
1.4500000000e-01,2.6744553112e-01,1.8475730605e+00
1.4600000000e-01,2.6929310418e-01,1.8476484359e+00
1.4700000000e-01,2.7114075261e-01,1.8477245903e+00
1.4800000000e-01,2.7298847720e-01,1.8478015261e+00
1.4900000000e-01,2.7483627873e-01,1.8478792461e+00
1.5000000000e-01,2.7668415798e-01,1.8479577530e+00
1.5100000000e-01,2.7853211573e-01,1.8480370493e+00
1.5200000000e-01,2.8038015278e-01,1.8481171378e+00
1.5300000000e-01,2.8222826992e-01,1.8481980210e+00
1.5400000000e-01,2.8407646794e-01,1.8482797017e+00
1.5500000000e-01,2.8592474764e-01,1.8483621823e+00
1.5600000000e-01,2.8777310982e-01,1.8484454655e+00
1.5700000000e-01,2.8962155529e-01,1.8485295540e+00
1.5800000000e-01,2.9147008484e-01,1.8486144502e+00
1.5900000000e-01,2.9331869929e-01,1.8487001568e+00
1.6000000000e-01,2.9516739945e-01,1.8487866764e+00
1.6100000000e-01,2.9701618613e-01,1.8488740115e+00
1.6200000000e-01,2.9886506014e-01,1.8489621646e+00
1.6300000000e-01,3.0071402230e-01,1.8490511384e+00
1.6400000000e-01,3.0256307344e-01,1.8491409354e+00
1.6500000000e-01,3.0441221438e-01,1.8492315581e+00
1.6600000000e-01,3.0626144593e-01,1.8493230090e+00
1.6700000000e-01,3.0811076894e-01,1.8494152907e+00
1.6800000000e-01,3.0996018423e-01,1.8495084056e+00
1.6900000000e-01,3.1180969264e-01,1.8496023564e+00
1.7000000000e-01,3.1365929499e-01,1.8496971454e+00
1.7100000000e-01,3.1550899214e-01,1.8497927752e+00
1.7200000000e-01,3.1735878492e-01,1.8498892483e+00
1.7300000000e-01,3.1920867416e-01,1.8499865671e+00
1.7400000000e-01,3.2105866073e-01,1.8500847341e+00
1.7500000000e-01,3.2290874547e-01,1.8501837518e+00
1.7600000000e-01,3.2475892922e-01,1.8502836226e+00
1.7700000000e-01,3.2660921284e-01,1.8503843491e+00
1.7800000000e-01,3.2845959719e-01,1.8504859335e+00
1.7900000000e-01,3.3031008312e-01,1.8505883784e+00
1.8000000000e-01,3.3216067150e-01,1.8506916863e+00
1.8100000000e-01,3.3401136319e-01,1.8507958594e+00
1.8200000000e-01,3.3586215905e-01,1.8509009003e+00
1.8300000000e-01,3.3771305995e-01,1.8510068114e+00
1.8400000000e-01,3.3956406676e-01,1.8511135950e+00
1.8500000000e-01,3.4141518035e-01,1.8512212536e+00
1.8600000000e-01,3.4326640161e-01,1.8513297896e+00
1.8700000000e-01,3.4511773140e-01,1.8514392053e+00
1.8800000000e-01,3.4696917060e-01,1.8515495031e+00
1.8900000000e-01,3.4882072010e-01,1.8516606855e+00
1.9000000000e-01,3.5067238079e-01,1.8517727547e+00
1.9100000000e-01,3.5252415354e-01,1.8518857131e+00
1.9200000000e-01,3.5437603926e-01,1.8519995632e+00
1.9300000000e-01,3.5622803882e-01,1.8521143071e+00
1.9400000000e-01,3.5808015313e-01,1.8522299474e+00
1.9500000000e-01,3.5993238308e-01,1.8523464863e+00
1.9600000000e-01,3.6178472956e-01,1.8524639262e+00
1.9700000000e-01,3.6363719349e-01,1.8525822694e+00
1.9800000000e-01,3.6548977576e-01,1.8527015182e+00
1.9900000000e-01,3.6734247728e-01,1.8528216750e+00
2.0000000000e-01,3.6919529895e-01,1.8529427420e+00
2.0100000000e-01,3.7104824169e-01,1.8530647215e+00
2.0200000000e-01,3.7290130641e-01,1.8531876159e+00
2.0300000000e-01,3.7475449403e-01,1.8533114275e+00
2.0400000000e-01,3.7660780546e-01,1.8534361585e+00
2.0500000000e-01,3.7846124162e-01,1.8535618112e+00
2.0600000000e-01,3.8031480343e-01,1.8536883880e+00
2.0700000000e-01,3.8216849182e-01,1.8538158910e+00
2.0800000000e-01,3.8402230771e-01,1.8539443226e+00
2.0900000000e-01,3.8587625203e-01,1.8540736851e+00
2.1000000000e-01,3.8773032571e-01,1.8542039806e+00
2.1100000000e-01,3.8958452969e-01,1.8543352114e+00
2.1200000000e-01,3.9143886491e-01,1.8544673798e+00
2.1300000000e-01,3.9329333229e-01,1.8546004881e+00
2.1400000000e-01,3.9514793277e-01,1.8547345384e+00
2.1500000000e-01,3.9700266731e-01,1.8548695330e+00
2.1600000000e-01,3.9885753685e-01,1.8550054742e+00
2.1700000000e-01,4.0071254232e-01,1.8551423641e+00
2.1800000000e-01,4.0256768468e-01,1.8552802050e+00
2.1900000000e-01,4.0442296489e-01,1.8554189991e+00
2.2000000000e-01,4.0627838389e-01,1.8555587486e+00
2.2100000000e-01,4.0813394264e-01,1.8556994557e+00
2.2200000000e-01,4.0998964209e-01,1.8558411226e+00
2.2300000000e-01,4.1184548321e-01,1.8559837515e+00
2.2400000000e-01,4.1370146697e-01,1.8561273447e+00
2.2500000000e-01,4.1555759431e-01,1.8562719042e+00
2.2600000000e-01,4.1741386621e-01,1.8564174323e+00
2.2700000000e-01,4.1927028365e-01,1.8565639312e+00
2.2800000000e-01,4.2112684758e-01,1.8567114030e+00
2.2900000000e-01,4.2298355898e-01,1.8568598498e+00
2.3000000000e-01,4.2484041883e-01,1.8570092740e+00
2.3100000000e-01,4.2669742810e-01,1.8571596776e+00
2.3200000000e-01,4.2855458778e-01,1.8573110627e+00
2.3300000000e-01,4.3041189885e-01,1.8574634316e+00
2.3400000000e-01,4.3226936228e-01,1.8576167864e+00
2.3500000000e-01,4.3412697906e-01,1.8577711292e+00
2.3600000000e-01,4.3598475019e-01,1.8579264622e+00
2.3700000000e-01,4.3784267665e-01,1.8580827875e+00
2.3800000000e-01,4.3970075944e-01,1.8582401072e+00
2.3900000000e-01,4.4155899955e-01,1.8583984235e+00
2.4000000000e-01,4.4341739797e-01,1.8585577385e+00
2.4100000000e-01,4.4527595571e-01,1.8587180543e+00
2.4200000000e-01,4.4713467377e-01,1.8588793730e+00
2.4300000000e-01,4.4899355314e-01,1.8590416967e+00
2.4400000000e-01,4.5085259484e-01,1.8592050276e+00
2.4500000000e-01,4.5271179986e-01,1.8593693677e+00
2.4600000000e-01,4.5457116923e-01,1.8595347192e+00
2.4700000000e-01,4.5643070395e-01,1.8597010842e+00
2.4800000000e-01,4.5829040503e-01,1.8598684646e+00
2.4900000000e-01,4.6015027350e-01,1.8600368627e+00
2.5000000000e-01,4.6201031036e-01,1.8602062805e+00
2.5100000000e-01,4.6387051664e-01,1.8603767201e+00
2.5200000000e-01,4.6573089336e-01,1.8605481836e+00
2.5300000000e-01,4.6759144155e-01,1.8607206730e+00
2.5400000000e-01,4.6945216222e-01,1.8608941904e+00
2.5500000000e-01,4.7131305641e-01,1.8610687379e+00
2.5600000000e-01,4.7317412515e-01,1.8612443175e+00
2.5700000000e-01,4.7503536946e-01,1.8614209314e+00
2.5800000000e-01,4.7689679040e-01,1.8615985815e+00
2.5900000000e-01,4.7875838898e-01,1.8617772699e+00
2.6000000000e-01,4.8062016625e-01,1.8619569986e+00
2.6100000000e-01,4.8248212325e-01,1.8621377698e+00
2.6200000000e-01,4.8434426102e-01,1.8623195854e+00
2.6300000000e-01,4.8620658060e-01,1.8625024475e+00
2.6400000000e-01,4.8806908305e-01,1.8626863581e+00
2.6500000000e-01,4.8993176941e-01,1.8628713192e+00
2.6600000000e-01,4.9179464073e-01,1.8630573329e+00
2.6700000000e-01,4.9365769806e-01,1.8632444012e+00
2.6800000000e-01,4.9552094246e-01,1.8634325261e+00
2.6900000000e-01,4.9738437499e-01,1.8636217097e+00
2.7000000000e-01,4.9924799670e-01,1.8638119539e+00
2.7100000000e-01,5.0111180865e-01,1.8640032608e+00
2.7200000000e-01,5.0297581191e-01,1.8641956323e+00
2.7300000000e-01,5.0484000754e-01,1.8643890706e+00
2.7400000000e-01,5.0670439661e-01,1.8645835774e+00
2.7500000000e-01,5.0856898019e-01,1.8647791550e+00
2.7600000000e-01,5.1043375935e-01,1.8649758052e+00
2.7700000000e-01,5.1229873515e-01,1.8651735301e+00
2.7800000000e-01,5.1416390868e-01,1.8653723317e+00
2.7900000000e-01,5.1602928101e-01,1.8655722118e+00
2.8000000000e-01,5.1789485322e-01,1.8657731726e+00
2.8100000000e-01,5.1976062640e-01,1.8659752160e+00
2.8200000000e-01,5.2162660161e-01,1.8661783440e+00
2.8300000000e-01,5.2349277996e-01,1.8663825585e+00
2.8400000000e-01,5.2535916252e-01,1.8665878615e+00
2.8500000000e-01,5.2722575038e-01,1.8667942550e+00
2.8600000000e-01,5.2909254463e-01,1.8670017409e+00
2.8700000000e-01,5.3095954637e-01,1.8672103213e+00
2.8800000000e-01,5.3282675669e-01,1.8674199980e+00
2.8900000000e-01,5.3469417669e-01,1.8676307730e+00
2.9000000000e-01,5.3656180747e-01,1.8678426484e+00
2.9100000000e-01,5.3842965011e-01,1.8680556259e+00
2.9200000000e-01,5.4029770574e-01,1.8682697076e+00
2.9300000000e-01,5.4216597545e-01,1.8684848954e+00
2.9400000000e-01,5.4403446034e-01,1.8687011913e+00
2.9500000000e-01,5.4590316153e-01,1.8689185972e+00
2.9600000000e-01,5.4777208013e-01,1.8691371150e+00
2.9700000000e-01,5.4964121725e-01,1.8693567467e+00
2.9800000000e-01,5.5151057399e-01,1.8695774941e+00
2.9900000000e-01,5.5338015149e-01,1.8697993593e+00
3.0000000000e-01,5.5524995085e-01,1.8700223441e+00
3.0100000000e-01,5.5711997319e-01,1.8702464505e+00
3.0200000000e-01,5.5899021964e-01,1.8704716804e+00
3.0300000000e-01,5.6086069132e-01,1.8706980357e+00
3.0400000000e-01,5.6273138936e-01,1.8709255183e+00
3.0500000000e-01,5.6460231488e-01,1.8711541301e+00
3.0600000000e-01,5.6647346901e-01,1.8713838731e+00
3.0700000000e-01,5.6834485288e-01,1.8716147491e+00
3.0800000000e-01,5.7021646763e-01,1.8718467600e+00
3.0900000000e-01,5.7208831439e-01,1.8720799078e+00
3.1000000000e-01,5.7396039430e-01,1.8723141944e+00
3.1100000000e-01,5.7583270849e-01,1.8725496216e+00
3.1200000000e-01,5.7770525811e-01,1.8727861913e+00
3.1300000000e-01,5.7957804430e-01,1.8730239054e+00
3.1400000000e-01,5.8145106821e-01,1.8732627658e+00
3.1500000000e-01,5.8332433097e-01,1.8735027745e+00
3.1600000000e-01,5.8519783375e-01,1.8737439332e+00
3.1700000000e-01,5.8707157768e-01,1.8739862439e+00
3.1800000000e-01,5.8894556393e-01,1.8742297084e+00
3.1900000000e-01,5.9081979363e-01,1.8744743287e+00
3.2000000000e-01,5.9269426796e-01,1.8747201065e+00
3.2100000000e-01,5.9456898807e-01,1.8749670438e+00
3.2200000000e-01,5.9644395511e-01,1.8752151424e+00
3.2300000000e-01,5.9831917026e-01,1.8754644042e+00
3.2400000000e-01,6.0019463466e-01,1.8757148311e+00
3.2500000000e-01,6.0207034949e-01,1.8759664249e+00
3.2600000000e-01,6.0394631592e-01,1.8762191875e+00
3.2700000000e-01,6.0582253510e-01,1.8764731207e+00
3.2800000000e-01,6.0769900822e-01,1.8767282264e+00
3.2900000000e-01,6.0957573645e-01,1.8769845065e+00
3.3000000000e-01,6.1145272096e-01,1.8772419627e+00
3.3100000000e-01,6.1332996292e-01,1.8775005970e+00
3.3200000000e-01,6.1520746352e-01,1.8777604112e+00
3.3300000000e-01,6.1708522393e-01,1.8780214071e+00
3.3400000000e-01,6.1896324533e-01,1.8782835866e+00
3.3500000000e-01,6.2084152892e-01,1.8785469515e+00
3.3600000000e-01,6.2272007587e-01,1.8788115037e+00
3.3700000000e-01,6.2459888738e-01,1.8790772449e+00
3.3800000000e-01,6.2647796462e-01,1.8793441771e+00
3.3900000000e-01,6.2835730880e-01,1.8796123020e+00
3.4000000000e-01,6.3023692110e-01,1.8798816214e+00
3.4100000000e-01,6.3211680272e-01,1.8801521373e+00
3.4200000000e-01,6.3399695486e-01,1.8804238514e+00
3.4300000000e-01,6.3587737871e-01,1.8806967656e+00
3.4400000000e-01,6.3775807548e-01,1.8809708816e+00
3.4500000000e-01,6.3963904636e-01,1.8812462013e+00
3.4600000000e-01,6.4152029256e-01,1.8815227266e+00
3.4700000000e-01,6.4340181529e-01,1.8818004591e+00
3.4800000000e-01,6.4528361574e-01,1.8820794008e+00
3.4900000000e-01,6.4716569515e-01,1.8823595534e+00
3.5000000000e-01,6.4904805470e-01,1.8826409187e+00
3.5100000000e-01,6.5093069562e-01,1.8829234986e+00
3.5200000000e-01,6.5281361912e-01,1.8832072948e+00
3.5300000000e-01,6.5469682641e-01,1.8834923093e+00
3.5400000000e-01,6.5658031872e-01,1.8837785436e+00
3.5500000000e-01,6.5846409726e-01,1.8840659997e+00
3.5600000000e-01,6.6034816326e-01,1.8843546794e+00
3.5700000000e-01,6.6223251794e-01,1.8846445844e+00
3.5800000000e-01,6.6411716253e-01,1.8849357166e+00
3.5900000000e-01,6.6600209824e-01,1.8852280777e+00
3.6000000000e-01,6.6788732632e-01,1.8855216695e+00
3.6100000000e-01,6.6977284799e-01,1.8858164938e+00
3.6200000000e-01,6.7165866449e-01,1.8861125524e+00
3.6300000000e-01,6.7354477704e-01,1.8864098470e+00
3.6400000000e-01,6.7543118688e-01,1.8867083795e+00
3.6500000000e-01,6.7731789526e-01,1.8870081517e+00
3.6600000000e-01,6.7920490342e-01,1.8873091652e+00
3.6700000000e-01,6.8109221258e-01,1.8876114219e+00
3.6800000000e-01,6.8297982400e-01,1.8879149236e+00
3.6900000000e-01,6.8486773893e-01,1.8882196720e+00
3.7000000000e-01,6.8675595860e-01,1.8885256689e+00
3.7100000000e-01,6.8864448427e-01,1.8888329161e+00
3.7200000000e-01,6.9053331718e-01,1.8891414153e+00
3.7300000000e-01,6.9242245860e-01,1.8894511683e+00
3.7400000000e-01,6.9431190977e-01,1.8897621769e+00
3.7500000000e-01,6.9620167194e-01,1.8900744427e+00
3.7600000000e-01,6.9809174639e-01,1.8903879677e+00
3.7700000000e-01,6.9998213435e-01,1.8907027535e+00
3.7800000000e-01,7.0187283711e-01,1.8910188019e+00
3.7900000000e-01,7.0376385591e-01,1.8913361147e+00
3.8000000000e-01,7.0565519202e-01,1.8916546935e+00
3.8100000000e-01,7.0754684672e-01,1.8919745402e+00
3.8200000000e-01,7.0943882126e-01,1.8922956565e+00
3.8300000000e-01,7.1133111691e-01,1.8926180442e+00
3.8400000000e-01,7.1322373496e-01,1.8929417050e+00
3.8500000000e-01,7.1511667666e-01,1.8932666406e+00
3.8600000000e-01,7.1700994330e-01,1.8935928528e+00
3.8700000000e-01,7.1890353616e-01,1.8939203433e+00
3.8800000000e-01,7.2079745650e-01,1.8942491139e+00
3.8900000000e-01,7.2269170561e-01,1.8945791662e+00
3.9000000000e-01,7.2458628478e-01,1.8949105022e+00
3.9100000000e-01,7.2648119528e-01,1.8952431234e+00
3.9200000000e-01,7.2837643841e-01,1.8955770316e+00
3.9300000000e-01,7.3027201544e-01,1.8959122286e+00
3.9400000000e-01,7.3216792767e-01,1.8962487160e+00
3.9500000000e-01,7.3406417638e-01,1.8965864956e+00
3.9600000000e-01,7.3596076288e-01,1.8969255692e+00
3.9700000000e-01,7.3785768845e-01,1.8972659384e+00
3.9800000000e-01,7.3975495439e-01,1.8976076050e+00
3.9900000000e-01,7.4165256199e-01,1.8979505707e+00
4.0000000000e-01,7.4355051256e-01,1.8982948372e+00
4.0100000000e-01,7.4544880740e-01,1.8986404063e+00
4.0200000000e-01,7.4734744780e-01,1.8989872796e+00
4.0300000000e-01,7.4924643508e-01,1.8993354589e+00
4.0400000000e-01,7.5114577054e-01,1.8996849459e+00
4.0500000000e-01,7.5304545549e-01,1.9000357423e+00
4.0600000000e-01,7.5494549123e-01,1.9003878499e+00
4.0700000000e-01,7.5684587908e-01,1.9007412702e+00
4.0800000000e-01,7.5874662035e-01,1.9010960051e+00
4.0900000000e-01,7.6064771636e-01,1.9014520563e+00
4.1000000000e-01,7.6254916841e-01,1.9018094254e+00
4.1100000000e-01,7.6445097784e-01,1.9021681142e+00
4.1200000000e-01,7.6635314595e-01,1.9025281243e+00
4.1300000000e-01,7.6825567408e-01,1.9028894575e+00
4.1400000000e-01,7.7015856353e-01,1.9032521155e+00
4.1500000000e-01,7.7206181565e-01,1.9036161000e+00
4.1600000000e-01,7.7396543175e-01,1.9039814126e+00
4.1700000000e-01,7.7586941316e-01,1.9043480551e+00
4.1800000000e-01,7.7777376122e-01,1.9047160291e+00
4.1900000000e-01,7.7967847725e-01,1.9050853364e+00
4.2000000000e-01,7.8158356258e-01,1.9054559787e+00
4.2100000000e-01,7.8348901856e-01,1.9058279576e+00
4.2200000000e-01,7.8539484652e-01,1.9062012749e+00
4.2300000000e-01,7.8730104779e-01,1.9065759322e+00
4.2400000000e-01,7.8920762373e-01,1.9069519311e+00
4.2500000000e-01,7.9111457566e-01,1.9073292735e+00
4.2600000000e-01,7.9302190493e-01,1.9077079610e+00
4.2700000000e-01,7.9492961289e-01,1.9080879952e+00
4.2800000000e-01,7.9683770089e-01,1.9084693779e+00
4.2900000000e-01,7.9874617027e-01,1.9088521108e+00
4.3000000000e-01,8.0065502238e-01,1.9092361954e+00
4.3100000000e-01,8.0256425857e-01,1.9096216336e+00
4.3200000000e-01,8.0447388021e-01,1.9100084269e+00
4.3300000000e-01,8.0638388863e-01,1.9103965771e+00
4.3400000000e-01,8.0829428521e-01,1.9107860858e+00
4.3500000000e-01,8.1020507129e-01,1.9111769547e+00
4.3600000000e-01,8.1211624825e-01,1.9115691855e+00
4.3700000000e-01,8.1402781744e-01,1.9119627798e+00
4.3800000000e-01,8.1593978021e-01,1.9123577393e+00
4.3900000000e-01,8.1785213795e-01,1.9127540658e+00
4.4000000000e-01,8.1976489202e-01,1.9131517608e+00
4.4100000000e-01,8.2167804378e-01,1.9135508260e+00
4.4200000000e-01,8.2359159461e-01,1.9139512631e+00
4.4300000000e-01,8.2550554587e-01,1.9143530738e+00
4.4400000000e-01,8.2741989894e-01,1.9147562597e+00
4.4500000000e-01,8.2933465520e-01,1.9151608225e+00
4.4600000000e-01,8.3124981603e-01,1.9155667638e+00
4.4700000000e-01,8.3316538279e-01,1.9159740853e+00
4.4800000000e-01,8.3508135687e-01,1.9163827887e+00
4.4900000000e-01,8.3699773966e-01,1.9167928756e+00
4.5000000000e-01,8.3891453254e-01,1.9172043478e+00
4.5100000000e-01,8.4083173689e-01,1.9176172067e+00
4.5200000000e-01,8.4274935409e-01,1.9180314542e+00
4.5300000000e-01,8.4466738555e-01,1.9184470918e+00
4.5400000000e-01,8.4658583264e-01,1.9188641212e+00
4.5500000000e-01,8.4850469676e-01,1.9192825440e+00
4.5600000000e-01,8.5042397930e-01,1.9197023620e+00
4.5700000000e-01,8.5234368167e-01,1.9201235767e+00
4.5800000000e-01,8.5426380524e-01,1.9205461899e+00
4.5900000000e-01,8.5618435143e-01,1.9209702031e+00
4.6000000000e-01,8.5810532164e-01,1.9213956179e+00
4.6100000000e-01,8.6002671725e-01,1.9218224362e+00
4.6200000000e-01,8.6194853969e-01,1.9222506594e+00
4.6300000000e-01,8.6387079035e-01,1.9226802893e+00
4.6400000000e-01,8.6579347064e-01,1.9231113274e+00
4.6500000000e-01,8.6771658197e-01,1.9235437755e+00
4.6600000000e-01,8.6964012574e-01,1.9239776352e+00
4.6700000000e-01,8.7156410338e-01,1.9244129080e+00
4.6800000000e-01,8.7348851629e-01,1.9248495957e+00
4.6900000000e-01,8.7541336588e-01,1.9252876998e+00
4.7000000000e-01,8.7733865358e-01,1.9257272221e+00
4.7100000000e-01,8.7926438080e-01,1.9261681642e+00
4.7200000000e-01,8.8119054897e-01,1.9266105276e+00
4.7300000000e-01,8.8311715949e-01,1.9270543141e+00
4.7400000000e-01,8.8504421381e-01,1.9274995252e+00
4.7500000000e-01,8.8697171333e-01,1.9279461626e+00
4.7600000000e-01,8.8889965950e-01,1.9283942279e+00
4.7700000000e-01,8.9082805372e-01,1.9288437228e+00
4.7800000000e-01,8.9275689745e-01,1.9292946488e+00
4.7900000000e-01,8.9468619210e-01,1.9297470077e+00
4.8000000000e-01,8.9661593910e-01,1.9302008010e+00
4.8100000000e-01,8.9854613990e-01,1.9306560304e+00
4.8200000000e-01,9.0047679594e-01,1.9311126975e+00
4.8300000000e-01,9.0240790863e-01,1.9315708039e+00
4.8400000000e-01,9.0433947944e-01,1.9320303512e+00
4.8500000000e-01,9.0627150979e-01,1.9324913411e+00
4.8600000000e-01,9.0820400113e-01,1.9329537752e+00
4.8700000000e-01,9.1013695490e-01,1.9334176552e+00
4.8800000000e-01,9.1207037256e-01,1.9338829825e+00
4.8900000000e-01,9.1400425554e-01,1.9343497589e+00
4.9000000000e-01,9.1593860530e-01,1.9348179860e+00
4.9100000000e-01,9.1787342329e-01,1.9352876653e+00
4.9200000000e-01,9.1980871095e-01,1.9357587986e+00
4.9300000000e-01,9.2174446975e-01,1.9362313874e+00
4.9400000000e-01,9.2368070114e-01,1.9367054334e+00
4.9500000000e-01,9.2561740657e-01,1.9371809381e+00
4.9600000000e-01,9.2755458751e-01,1.9376579031e+00
4.9700000000e-01,9.2949224541e-01,1.9381363302e+00
4.9800000000e-01,9.3143038174e-01,1.9386162209e+00
4.9900000000e-01,9.3336899796e-01,1.9390975767e+00
5.0000000000e-01,9.3530809554e-01,1.9395803994e+00
5.0100000000e-01,9.3724767594e-01,1.9400646906e+00
5.0200000000e-01,9.3918774063e-01,1.9405504518e+00
5.0300000000e-01,9.4112829108e-01,1.9410376846e+00
5.0400000000e-01,9.4306932877e-01,1.9415263907e+00
5.0500000000e-01,9.4501085516e-01,1.9420165717e+00
5.0600000000e-01,9.4695287173e-01,1.9425082291e+00
5.0700000000e-01,9.4889537996e-01,1.9430013646e+00
5.0800000000e-01,9.5083838132e-01,1.9434959799e+00
5.0900000000e-01,9.5278187730e-01,1.9439920764e+00
5.1000000000e-01,9.5472586938e-01,1.9444896558e+00
5.1100000000e-01,9.5667035904e-01,1.9449887197e+00
5.1200000000e-01,9.5861534775e-01,1.9454892697e+00
5.1300000000e-01,9.6056083702e-01,1.9459913074e+00
5.1400000000e-01,9.6250682833e-01,1.9464948344e+00
5.1500000000e-01,9.6445332317e-01,1.9469998524e+00
5.1600000000e-01,9.6640032302e-01,1.9475063628e+00
5.1700000000e-01,9.6834782938e-01,1.9480143674e+00
5.1800000000e-01,9.7029584375e-01,1.9485238676e+00
5.1900000000e-01,9.7224436762e-01,1.9490348652e+00
5.2000000000e-01,9.7419340248e-01,1.9495473616e+00
5.2100000000e-01,9.7614294984e-01,1.9500613586e+00
5.2200000000e-01,9.7809301120e-01,1.9505768576e+00
5.2300000000e-01,9.8004358806e-01,1.9510938604e+00
5.2400000000e-01,9.8199468192e-01,1.9516123684e+00
5.2500000000e-01,9.8394629429e-01,1.9521323833e+00
5.2600000000e-01,9.8589842667e-01,1.9526539066e+00
5.2700000000e-01,9.8785108058e-01,1.9531769401e+00
5.2800000000e-01,9.8980425752e-01,1.9537014851e+00
5.2900000000e-01,9.9175795900e-01,1.9542275435e+00
5.3000000000e-01,9.9371218655e-01,1.9547551166e+00
5.3100000000e-01,9.9566694166e-01,1.9552842062e+00
5.3200000000e-01,9.9762222587e-01,1.9558148138e+00
5.3300000000e-01,9.9957804068e-01,1.9563469411e+00
5.3400000000e-01,1.0015343876e+00,1.9568805895e+00
5.3500000000e-01,1.0034912682e+00,1.9574157607e+00
5.3600000000e-01,1.0054486840e+00,1.9579524562e+00
5.3700000000e-01,1.0074066364e+00,1.9584906777e+00
5.3800000000e-01,1.0093651271e+00,1.9590304268e+00
5.3900000000e-01,1.0113241575e+00,1.9595717050e+00
5.4000000000e-01,1.0132837292e+00,1.9601145139e+00
5.4100000000e-01,1.0152438438e+00,1.9606588551e+00
5.4200000000e-01,1.0172045026e+00,1.9612047302e+00
5.4300000000e-01,1.0191657073e+00,1.9617521407e+00
5.4400000000e-01,1.0211274595e+00,1.9623010883e+00
5.4500000000e-01,1.0230897606e+00,1.9628515745e+00
5.4600000000e-01,1.0250526121e+00,1.9634036010e+00
5.4700000000e-01,1.0270160157e+00,1.9639571692e+00
5.4800000000e-01,1.0289799729e+00,1.9645122808e+00
5.4900000000e-01,1.0309444852e+00,1.9650689374e+00
5.5000000000e-01,1.0329095541e+00,1.9656271404e+00
5.5100000000e-01,1.0348751813e+00,1.9661868916e+00
5.5200000000e-01,1.0368413682e+00,1.9667481925e+00
5.5300000000e-01,1.0388081164e+00,1.9673110447e+00
5.5400000000e-01,1.0407754274e+00,1.9678754497e+00
5.5500000000e-01,1.0427433029e+00,1.9684414091e+00
5.5600000000e-01,1.0447117443e+00,1.9690089246e+00
5.5700000000e-01,1.0466807532e+00,1.9695779976e+00
5.5800000000e-01,1.0486503312e+00,1.9701486297e+00
5.5900000000e-01,1.0506204798e+00,1.9707208226e+00
5.6000000000e-01,1.0525912006e+00,1.9712945778e+00
5.6100000000e-01,1.0545624952e+00,1.9718698969e+00
5.6200000000e-01,1.0565343651e+00,1.9724467814e+00
5.6300000000e-01,1.0585068119e+00,1.9730252330e+00
5.6400000000e-01,1.0604798371e+00,1.9736052531e+00
5.6500000000e-01,1.0624534424e+00,1.9741868434e+00
5.6600000000e-01,1.0644276292e+00,1.9747700055e+00
5.6700000000e-01,1.0664023992e+00,1.9753547409e+00
5.6800000000e-01,1.0683777540e+00,1.9759410511e+00
5.6900000000e-01,1.0703536950e+00,1.9765289378e+00
5.7000000000e-01,1.0723302240e+00,1.9771184026e+00
5.7100000000e-01,1.0743073424e+00,1.9777094469e+00
5.7200000000e-01,1.0762850518e+00,1.9783020724e+00
5.7300000000e-01,1.0782633539e+00,1.9788962806e+00
5.7400000000e-01,1.0802422502e+00,1.9794920732e+00
5.7500000000e-01,1.0822217422e+00,1.9800894516e+00
5.7600000000e-01,1.0842018317e+00,1.9806884174e+00
5.7700000000e-01,1.0861825201e+00,1.9812889723e+00
5.7800000000e-01,1.0881638091e+00,1.9818911177e+00
5.7900000000e-01,1.0901457002e+00,1.9824948553e+00
5.8000000000e-01,1.0921281950e+00,1.9831001865e+00
5.8100000000e-01,1.0941112952e+00,1.9837071131e+00
5.8200000000e-01,1.0960950023e+00,1.9843156365e+00
5.8300000000e-01,1.0980793180e+00,1.9849257583e+00
5.8400000000e-01,1.1000642437e+00,1.9855374800e+00
5.8500000000e-01,1.1020497812e+00,1.9861508033e+00
5.8600000000e-01,1.1040359320e+00,1.9867657297e+00
5.8700000000e-01,1.1060226978e+00,1.9873822608e+00
5.8800000000e-01,1.1080100800e+00,1.9880003980e+00
5.8900000000e-01,1.1099980804e+00,1.9886201431e+00
5.9000000000e-01,1.1119867006e+00,1.9892414975e+00
5.9100000000e-01,1.1139759421e+00,1.9898644629e+00
5.9200000000e-01,1.1159658065e+00,1.9904890407e+00
5.9300000000e-01,1.1179562956e+00,1.9911152325e+00
5.9400000000e-01,1.1199474108e+00,1.9917430400e+00
5.9500000000e-01,1.1219391538e+00,1.9923724646e+00
5.9600000000e-01,1.1239315263e+00,1.9930035079e+00
5.9700000000e-01,1.1259245298e+00,1.9936361715e+00
5.9800000000e-01,1.1279181660e+00,1.9942704570e+00
5.9900000000e-01,1.1299124364e+00,1.9949063658e+00
6.0000000000e-01,1.1319073428e+00,1.9955438996e+00
6.0100000000e-01,1.1339028867e+00,1.9961830600e+00
6.0200000000e-01,1.1358990698e+00,1.9968238484e+00
6.0300000000e-01,1.1378958936e+00,1.9974662665e+00
6.0400000000e-01,1.1398933599e+00,1.9981103157e+00
6.0500000000e-01,1.1418914702e+00,1.9987559977e+00
6.0600000000e-01,1.1438902262e+00,1.9994033141e+00
6.0700000000e-01,1.1458896295e+00,2.0000522663e+00
6.0800000000e-01,1.1478896818e+00,2.0007028559e+00
6.0900000000e-01,1.1498903846e+00,2.0013550845e+00
6.1000000000e-01,1.1518917397e+00,2.0020089537e+00
6.1100000000e-01,1.1538937487e+00,2.0026644650e+00
6.1200000000e-01,1.1558964131e+00,2.0033216199e+00
6.1300000000e-01,1.1578997347e+00,2.0039804200e+00
6.1400000000e-01,1.1599037152e+00,2.0046408669e+00
6.1500000000e-01,1.1619083560e+00,2.0053029621e+00
6.1600000000e-01,1.1639136590e+00,2.0059667073e+00
6.1700000000e-01,1.1659196257e+00,2.0066321038e+00
6.1800000000e-01,1.1679262578e+00,2.0072991533e+00
6.1900000000e-01,1.1699335570e+00,2.0079678574e+00
6.2000000000e-01,1.1719415248e+00,2.0086382176e+00
6.2100000000e-01,1.1739501630e+00,2.0093102355e+00
6.2200000000e-01,1.1759594733e+00,2.0099839125e+00
6.2300000000e-01,1.1779694572e+00,2.0106592503e+00
6.2400000000e-01,1.1799801164e+00,2.0113362505e+00
6.2500000000e-01,1.1819914527e+00,2.0120149145e+00
6.2600000000e-01,1.1840034676e+00,2.0126952439e+00
6.2700000000e-01,1.1860161628e+00,2.0133772403e+00
6.2800000000e-01,1.1880295401e+00,2.0140609052e+00
6.2900000000e-01,1.1900436010e+00,2.0147462402e+00
6.3000000000e-01,1.1920583472e+00,2.0154332469e+00
6.3100000000e-01,1.1940737805e+00,2.0161219267e+00
6.3200000000e-01,1.1960899024e+00,2.0168122813e+00
6.3300000000e-01,1.1981067147e+00,2.0175043122e+00
6.3400000000e-01,1.2001242190e+00,2.0181980209e+00
6.3500000000e-01,1.2021424170e+00,2.0188934091e+00
6.3600000000e-01,1.2041613104e+00,2.0195904781e+00
6.3700000000e-01,1.2061809009e+00,2.0202892297e+00
6.3800000000e-01,1.2082011901e+00,2.0209896653e+00
6.3900000000e-01,1.2102221798e+00,2.0216917866e+00
6.4000000000e-01,1.2122438716e+00,2.0223955949e+00
6.4100000000e-01,1.2142662672e+00,2.0231010920e+00
6.4200000000e-01,1.2162893683e+00,2.0238082794e+00
6.4300000000e-01,1.2183131765e+00,2.0245171585e+00
6.4400000000e-01,1.2203376937e+00,2.0252277310e+00
6.4500000000e-01,1.2223629214e+00,2.0259399985e+00
6.4600000000e-01,1.2243888614e+00,2.0266539623e+00
6.4700000000e-01,1.2264155154e+00,2.0273696242e+00
6.4800000000e-01,1.2284428850e+00,2.0280869857e+00
6.4900000000e-01,1.2304709720e+00,2.0288060482e+00
6.5000000000e-01,1.2324997781e+00,2.0295268134e+00
6.5100000000e-01,1.2345293049e+00,2.0302492829e+00
6.5200000000e-01,1.2365595542e+00,2.0309734580e+00
6.5300000000e-01,1.2385905276e+00,2.0316993405e+00
6.5400000000e-01,1.2406222269e+00,2.0324269319e+00
6.5500000000e-01,1.2426546539e+00,2.0331562336e+00
6.5600000000e-01,1.2446878101e+00,2.0338872473e+00
6.5700000000e-01,1.2467216974e+00,2.0346199746e+00
6.5800000000e-01,1.2487563173e+00,2.0353544168e+00
6.5900000000e-01,1.2507916718e+00,2.0360905757e+00
6.6000000000e-01,1.2528277623e+00,2.0368284527e+00
6.6100000000e-01,1.2548645908e+00,2.0375680495e+00
6.6200000000e-01,1.2569021588e+00,2.0383093675e+00
6.6300000000e-01,1.2589404682e+00,2.0390524082e+00
6.6400000000e-01,1.2609795206e+00,2.0397971734e+00
6.6500000000e-01,1.2630193178e+00,2.0405436644e+00
6.6600000000e-01,1.2650598614e+00,2.0412918829e+00
6.6700000000e-01,1.2671011533e+00,2.0420418304e+00
6.6800000000e-01,1.2691431952e+00,2.0427935084e+00
6.6900000000e-01,1.2711859887e+00,2.0435469185e+00
6.7000000000e-01,1.2732295356e+00,2.0443020622e+00
6.7100000000e-01,1.2752738376e+00,2.0450589412e+00
6.7200000000e-01,1.2773188966e+00,2.0458175569e+00
6.7300000000e-01,1.2793647141e+00,2.0465779108e+00
6.7400000000e-01,1.2814112921e+00,2.0473400046e+00
6.7500000000e-01,1.2834586321e+00,2.0481038398e+00
6.7600000000e-01,1.2855067359e+00,2.0488694179e+00
6.7700000000e-01,1.2875556053e+00,2.0496367405e+00
6.7800000000e-01,1.2896052421e+00,2.0504058092e+00
6.7900000000e-01,1.2916556479e+00,2.0511766254e+00
6.8000000000e-01,1.2937068245e+00,2.0519491907e+00
6.8100000000e-01,1.2957587737e+00,2.0527235067e+00
6.8200000000e-01,1.2978114972e+00,2.0534995749e+00
6.8300000000e-01,1.2998649968e+00,2.0542773969e+00
6.8400000000e-01,1.3019192742e+00,2.0550569742e+00
6.8500000000e-01,1.3039743311e+00,2.0558383084e+00
6.8600000000e-01,1.3060301694e+00,2.0566214010e+00
6.8700000000e-01,1.3080867908e+00,2.0574062536e+00
6.8800000000e-01,1.3101441971e+00,2.0581928677e+00
6.8900000000e-01,1.3122023900e+00,2.0589812448e+00
6.9000000000e-01,1.3142613712e+00,2.0597713866e+00
6.9100000000e-01,1.3163211426e+00,2.0605632945e+00
6.9200000000e-01,1.3183817059e+00,2.0613569701e+00
6.9300000000e-01,1.3204430629e+00,2.0621524149e+00
6.9400000000e-01,1.3225052153e+00,2.0629496306e+00
6.9500000000e-01,1.3245681649e+00,2.0637486186e+00
6.9600000000e-01,1.3266319135e+00,2.0645493806e+00
6.9700000000e-01,1.3286964629e+00,2.0653519180e+00
6.9800000000e-01,1.3307618148e+00,2.0661562323e+00
6.9900000000e-01,1.3328279711e+00,2.0669623253e+00
7.0000000000e-01,1.3348949334e+00,2.0677701983e+00
7.0100000000e-01,1.3369627036e+00,2.0685798530e+00
7.0200000000e-01,1.3390312834e+00,2.0693912908e+00
7.0300000000e-01,1.3411006747e+00,2.0702045135e+00
7.0400000000e-01,1.3431708792e+00,2.0710195224e+00
7.0500000000e-01,1.3452418988e+00,2.0718363191e+00
7.0600000000e-01,1.3473137351e+00,2.0726549053e+00
7.0700000000e-01,1.3493863900e+00,2.0734752824e+00
7.0800000000e-01,1.3514598653e+00,2.0742974520e+00
7.0900000000e-01,1.3535341627e+00,2.0751214156e+00
7.1000000000e-01,1.3556092841e+00,2.0759471748e+00
7.1100000000e-01,1.3576852313e+00,2.0767747312e+00
7.1200000000e-01,1.3597620060e+00,2.0776040862e+00
7.1300000000e-01,1.3618396101e+00,2.0784352415e+00
7.1400000000e-01,1.3639180454e+00,2.0792681986e+00
7.1500000000e-01,1.3659973136e+00,2.0801029590e+00
7.1600000000e-01,1.3680774165e+00,2.0809395244e+00
7.1700000000e-01,1.3701583561e+00,2.0817778961e+00
7.1800000000e-01,1.3722401339e+00,2.0826180759e+00
7.1900000000e-01,1.3743227520e+00,2.0834600652e+00
7.2000000000e-01,1.3764062121e+00,2.0843038656e+00
7.2100000000e-01,1.3784905160e+00,2.0851494786e+00
7.2200000000e-01,1.3805756654e+00,2.0859969059e+00
7.2300000000e-01,1.3826616623e+00,2.0868461489e+00
7.2400000000e-01,1.3847485085e+00,2.0876972092e+00
7.2500000000e-01,1.3868362057e+00,2.0885500883e+00
7.2600000000e-01,1.3889247558e+00,2.0894047879e+00
7.2700000000e-01,1.3910141606e+00,2.0902613094e+00
7.2800000000e-01,1.3931044219e+00,2.0911196544e+00
7.2900000000e-01,1.3951955415e+00,2.0919798245e+00
7.3000000000e-01,1.3972875214e+00,2.0928418212e+00
7.3100000000e-01,1.3993803632e+00,2.0937056461e+00
7.3200000000e-01,1.4014740688e+00,2.0945713006e+00
7.3300000000e-01,1.4035686401e+00,2.0954387865e+00
7.3400000000e-01,1.4056640789e+00,2.0963081051e+00
7.3500000000e-01,1.4077603870e+00,2.0971792582e+00
7.3600000000e-01,1.4098575663e+00,2.0980522472e+00
7.3700000000e-01,1.4119556185e+00,2.0989270736e+00
7.3800000000e-01,1.4140545456e+00,2.0998037391e+00
7.3900000000e-01,1.4161543493e+00,2.1006822452e+00
7.4000000000e-01,1.4182550316e+00,2.1015625934e+00
7.4100000000e-01,1.4203565942e+00,2.1024447854e+00
7.4200000000e-01,1.4224590390e+00,2.1033288225e+00
7.4300000000e-01,1.4245623678e+00,2.1042147065e+00
7.4400000000e-01,1.4266665825e+00,2.1051024389e+00
7.4500000000e-01,1.4287716849e+00,2.1059920211e+00
7.4600000000e-01,1.4308776770e+00,2.1068834549e+00
7.4700000000e-01,1.4329845604e+00,2.1077767417e+00
7.4800000000e-01,1.4350923371e+00,2.1086718830e+00
7.4900000000e-01,1.4372010090e+00,2.1095688805e+00
7.5000000000e-01,1.4393105779e+00,2.1104677357e+00
7.5100000000e-01,1.4414210456e+00,2.1113684501e+00
7.5200000000e-01,1.4435324141e+00,2.1122710254e+00
7.5300000000e-01,1.4456446851e+00,2.1131754630e+00
7.5400000000e-01,1.4477578606e+00,2.1140817645e+00
7.5500000000e-01,1.4498719424e+00,2.1149899315e+00
7.5600000000e-01,1.4519869323e+00,2.1158999656e+00
7.5700000000e-01,1.4541028322e+00,2.1168118682e+00
7.5800000000e-01,1.4562196441e+00,2.1177256410e+00
7.5900000000e-01,1.4583373698e+00,2.1186412855e+00
7.6000000000e-01,1.4604560110e+00,2.1195588033e+00
7.6100000000e-01,1.4625755698e+00,2.1204781958e+00
7.6200000000e-01,1.4646960480e+00,2.1213994648e+00
7.6300000000e-01,1.4668174475e+00,2.1223226117e+00
7.6400000000e-01,1.4689397701e+00,2.1232476382e+00
7.6500000000e-01,1.4710630178e+00,2.1241745456e+00
7.6600000000e-01,1.4731871923e+00,2.1251033357e+00
7.6700000000e-01,1.4753122956e+00,2.1260340100e+00
7.6800000000e-01,1.4774383296e+00,2.1269665701e+00
7.6900000000e-01,1.4795652962e+00,2.1279010174e+00
7.7000000000e-01,1.4816931972e+00,2.1288373536e+00
7.7100000000e-01,1.4838220346e+00,2.1297755802e+00
7.7200000000e-01,1.4859518102e+00,2.1307156988e+00
7.7300000000e-01,1.4880825259e+00,2.1316577109e+00
7.7400000000e-01,1.4902141836e+00,2.1326016182e+00
7.7500000000e-01,1.4923467852e+00,2.1335474221e+00
7.7600000000e-01,1.4944803326e+00,2.1344951243e+00
7.7700000000e-01,1.4966148277e+00,2.1354447263e+00
7.7800000000e-01,1.4987502725e+00,2.1363962296e+00
7.7900000000e-01,1.5008866687e+00,2.1373496358e+00
7.8000000000e-01,1.5030240183e+00,2.1383049465e+00
7.8100000000e-01,1.5051623233e+00,2.1392621633e+00
7.8200000000e-01,1.5073015854e+00,2.1402212877e+00
7.8300000000e-01,1.5094418067e+00,2.1411823213e+00
7.8400000000e-01,1.5115829891e+00,2.1421452656e+00
7.8500000000e-01,1.5137251343e+00,2.1431101222e+00
7.8600000000e-01,1.5158682444e+00,2.1440768927e+00
7.8700000000e-01,1.5180123213e+00,2.1450455786e+00
7.8800000000e-01,1.5201573669e+00,2.1460161816e+00
7.8900000000e-01,1.5223033831e+00,2.1469887031e+00
7.9000000000e-01,1.5244503718e+00,2.1479631447e+00
7.9100000000e-01,1.5265983349e+00,2.1489395081e+00
7.9200000000e-01,1.5287472745e+00,2.1499177947e+00
7.9300000000e-01,1.5308971922e+00,2.1508980062e+00
7.9400000000e-01,1.5330480903e+00,2.1518801440e+00
7.9500000000e-01,1.5351999704e+00,2.1528642099e+00
7.9600000000e-01,1.5373528346e+00,2.1538502053e+00
7.9700000000e-01,1.5395066848e+00,2.1548381318e+00
7.9800000000e-01,1.5416615229e+00,2.1558279910e+00
7.9900000000e-01,1.5438173509e+00,2.1568197844e+00
8.0000000000e-01,1.5459741707e+00,2.1578135137e+00
8.0100000000e-01,1.5481319842e+00,2.1588091804e+00
8.0200000000e-01,1.5502907934e+00,2.1598067860e+00
8.0300000000e-01,1.5524506002e+00,2.1608063321e+00
8.0400000000e-01,1.5546114065e+00,2.1618078204e+00
8.0500000000e-01,1.5567732144e+00,2.1628112524e+00
8.0600000000e-01,1.5589360256e+00,2.1638166296e+00
8.0700000000e-01,1.5610998422e+00,2.1648239536e+00
8.0800000000e-01,1.5632646662e+00,2.1658332260e+00
8.0900000000e-01,1.5654304994e+00,2.1668444484e+00
8.1000000000e-01,1.5675973439e+00,2.1678576223e+00
8.1100000000e-01,1.5697652015e+00,2.1688727493e+00
8.1200000000e-01,1.5719340742e+00,2.1698898311e+00
8.1300000000e-01,1.5741039641e+00,2.1709088691e+00
8.1400000000e-01,1.5762748729e+00,2.1719298649e+00
8.1500000000e-01,1.5784468028e+00,2.1729528202e+00
8.1600000000e-01,1.5806197556e+00,2.1739777364e+00
8.1700000000e-01,1.5827937334e+00,2.1750046152e+00
8.1800000000e-01,1.5849687380e+00,2.1760334582e+00
8.1900000000e-01,1.5871447714e+00,2.1770642669e+00
8.2000000000e-01,1.5893218357e+00,2.1780970429e+00
8.2100000000e-01,1.5914999327e+00,2.1791317877e+00
8.2200000000e-01,1.5936790645e+00,2.1801685030e+00
8.2300000000e-01,1.5958592330e+00,2.1812071904e+00
8.2400000000e-01,1.5980404402e+00,2.1822478513e+00
8.2500000000e-01,1.6002226881e+00,2.1832904875e+00
8.2600000000e-01,1.6024059786e+00,2.1843351004e+00
8.2700000000e-01,1.6045903137e+00,2.1853816917e+00
8.2800000000e-01,1.6067756953e+00,2.1864302629e+00
8.2900000000e-01,1.6089621256e+00,2.1874808156e+00
8.3000000000e-01,1.6111496064e+00,2.1885333514e+00
8.3100000000e-01,1.6133381398e+00,2.1895878719e+00
8.3200000000e-01,1.6155277277e+00,2.1906443787e+00
8.3300000000e-01,1.6177183720e+00,2.1917028733e+00
8.3400000000e-01,1.6199100749e+00,2.1927633573e+00
8.3500000000e-01,1.6221028383e+00,2.1938258323e+00
8.3600000000e-01,1.6242966641e+00,2.1948903000e+00
8.3700000000e-01,1.6264915544e+00,2.1959567618e+00
8.3800000000e-01,1.6286875112e+00,2.1970252194e+00
8.3900000000e-01,1.6308845364e+00,2.1980956743e+00
8.4000000000e-01,1.6330826320e+00,2.1991681281e+00
8.4100000000e-01,1.6352818002e+00,2.2002425825e+00
8.4200000000e-01,1.6374820428e+00,2.2013190390e+00
8.4300000000e-01,1.6396833618e+00,2.2023974992e+00
8.4400000000e-01,1.6418857593e+00,2.2034779646e+00
8.4500000000e-01,1.6440892373e+00,2.2045604370e+00
8.4600000000e-01,1.6462937977e+00,2.2056449177e+00
8.4700000000e-01,1.6484994426e+00,2.2067314086e+00
8.4800000000e-01,1.6507061740e+00,2.2078199111e+00
8.4900000000e-01,1.6529139939e+00,2.2089104268e+00
8.5000000000e-01,1.6551229044e+00,2.2100029573e+00
8.5100000000e-01,1.6573329073e+00,2.2110975042e+00
8.5200000000e-01,1.6595440048e+00,2.2121940691e+00
8.5300000000e-01,1.6617561989e+00,2.2132926537e+00
8.5400000000e-01,1.6639694915e+00,2.2143932594e+00
8.5500000000e-01,1.6661838848e+00,2.2154958879e+00
8.5600000000e-01,1.6683993807e+00,2.2166005407e+00
8.5700000000e-01,1.6706159812e+00,2.2177072195e+00
8.5800000000e-01,1.6728336885e+00,2.2188159259e+00
8.5900000000e-01,1.6750525044e+00,2.2199266614e+00
8.6000000000e-01,1.6772724310e+00,2.2210394277e+00
8.6100000000e-01,1.6794934705e+00,2.2221542263e+00
8.6200000000e-01,1.6817156247e+00,2.2232710589e+00
8.6300000000e-01,1.6839388958e+00,2.2243899270e+00
8.6400000000e-01,1.6861632857e+00,2.2255108322e+00
8.6500000000e-01,1.6883887965e+00,2.2266337762e+00
8.6600000000e-01,1.6906154303e+00,2.2277587605e+00
8.6700000000e-01,1.6928431891e+00,2.2288857867e+00
8.6800000000e-01,1.6950720748e+00,2.2300148565e+00
8.6900000000e-01,1.6973020897e+00,2.2311459714e+00
8.7000000000e-01,1.6995332357e+00,2.2322791330e+00
8.7100000000e-01,1.7017655148e+00,2.2334143429e+00
8.7200000000e-01,1.7039989291e+00,2.2345516028e+00
8.7300000000e-01,1.7062334807e+00,2.2356909142e+00
8.7400000000e-01,1.7084691717e+00,2.2368322788e+00
8.7500000000e-01,1.7107060039e+00,2.2379756981e+00
8.7600000000e-01,1.7129439796e+00,2.2391211737e+00
8.7700000000e-01,1.7151831008e+00,2.2402687072e+00
8.7800000000e-01,1.7174233695e+00,2.2414183004e+00
8.7900000000e-01,1.7196647878e+00,2.2425699546e+00
8.8000000000e-01,1.7219073578e+00,2.2437236717e+00
8.8100000000e-01,1.7241510814e+00,2.2448794531e+00
8.8200000000e-01,1.7263959609e+00,2.2460373004e+00
8.8300000000e-01,1.7286419982e+00,2.2471972154e+00
8.8400000000e-01,1.7308891954e+00,2.2483591995e+00
8.8500000000e-01,1.7331375546e+00,2.2495232545e+00
8.8600000000e-01,1.7353870779e+00,2.2506893818e+00
8.8700000000e-01,1.7376377672e+00,2.2518575832e+00
8.8800000000e-01,1.7398896248e+00,2.2530278601e+00
8.8900000000e-01,1.7421426527e+00,2.2542002144e+00
8.9000000000e-01,1.7443968529e+00,2.2553746474e+00
8.9100000000e-01,1.7466522276e+00,2.2565511609e+00
8.9200000000e-01,1.7489087787e+00,2.2577297565e+00
8.9300000000e-01,1.7511665085e+00,2.2589104358e+00
8.9400000000e-01,1.7534254189e+00,2.2600932004e+00
8.9500000000e-01,1.7556855121e+00,2.2612780518e+00
8.9600000000e-01,1.7579467902e+00,2.2624649918e+00
8.9700000000e-01,1.7602092551e+00,2.2636540220e+00
8.9800000000e-01,1.7624729092e+00,2.2648451439e+00
8.9900000000e-01,1.7647377543e+00,2.2660383591e+00
9.0000000000e-01,1.7670037927e+00,2.2672336694e+00
9.0100000000e-01,1.7692710263e+00,2.2684310763e+00
9.0200000000e-01,1.7715394574e+00,2.2696305813e+00
9.0300000000e-01,1.7738090880e+00,2.2708321863e+00
9.0400000000e-01,1.7760799202e+00,2.2720358927e+00
9.0500000000e-01,1.7783519561e+00,2.2732417021e+00
9.0600000000e-01,1.7806251978e+00,2.2744496163e+00
9.0700000000e-01,1.7828996474e+00,2.2756596368e+00
9.0800000000e-01,1.7851753070e+00,2.2768717652e+00
9.0900000000e-01,1.7874521788e+00,2.2780860032e+00
9.1000000000e-01,1.7897302648e+00,2.2793023524e+00
9.1100000000e-01,1.7920095672e+00,2.2805208144e+00
9.1200000000e-01,1.7942900880e+00,2.2817413908e+00
9.1300000000e-01,1.7965718294e+00,2.2829640833e+00
9.1400000000e-01,1.7988547934e+00,2.2841888935e+00
9.1500000000e-01,1.8011389823e+00,2.2854158230e+00
9.1600000000e-01,1.8034243982e+00,2.2866448734e+00
9.1700000000e-01,1.8057110430e+00,2.2878760464e+00
9.1800000000e-01,1.8079989191e+00,2.2891093436e+00
9.1900000000e-01,1.8102880284e+00,2.2903447666e+00
9.2000000000e-01,1.8125783732e+00,2.2915823170e+00
9.2100000000e-01,1.8148699555e+00,2.2928219966e+00
9.2200000000e-01,1.8171627775e+00,2.2940638068e+00
9.2300000000e-01,1.8194568413e+00,2.2953077494e+00
9.2400000000e-01,1.8217521491e+00,2.2965538259e+00
9.2500000000e-01,1.8240487029e+00,2.2978020381e+00
9.2600000000e-01,1.8263465049e+00,2.2990523875e+00
9.2700000000e-01,1.8286455573e+00,2.3003048757e+00
9.2800000000e-01,1.8309458622e+00,2.3015595045e+00
9.2900000000e-01,1.8332474217e+00,2.3028162754e+00
9.3000000000e-01,1.8355502380e+00,2.3040751901e+00
9.3100000000e-01,1.8378543132e+00,2.3053362501e+00
9.3200000000e-01,1.8401596494e+00,2.3065994573e+00
9.3300000000e-01,1.8424662489e+00,2.3078648131e+00
9.3400000000e-01,1.8447741137e+00,2.3091323192e+00
9.3500000000e-01,1.8470832460e+00,2.3104019773e+00
9.3600000000e-01,1.8493936480e+00,2.3116737889e+00
9.3700000000e-01,1.8517053218e+00,2.3129477559e+00
9.3800000000e-01,1.8540182695e+00,2.3142238797e+00
9.3900000000e-01,1.8563324934e+00,2.3155021620e+00
9.4000000000e-01,1.8586479956e+00,2.3167826044e+00
9.4100000000e-01,1.8609647782e+00,2.3180652087e+00
9.4200000000e-01,1.8632828434e+00,2.3193499764e+00
9.4300000000e-01,1.8656021934e+00,2.3206369093e+00
9.4400000000e-01,1.8679228303e+00,2.3219260088e+00
9.4500000000e-01,1.8702447563e+00,2.3232172767e+00
9.4600000000e-01,1.8725679735e+00,2.3245107147e+00
9.4700000000e-01,1.8748924843e+00,2.3258063243e+00
9.4800000000e-01,1.8772182906e+00,2.3271041073e+00
9.4900000000e-01,1.8795453947e+00,2.3284040652e+00
9.5000000000e-01,1.8818737988e+00,2.3297061997e+00
9.5100000000e-01,1.8842035050e+00,2.3310105125e+00
9.5200000000e-01,1.8865345155e+00,2.3323170052e+00
9.5300000000e-01,1.8888668325e+00,2.3336256795e+00
9.5400000000e-01,1.8912004582e+00,2.3349365370e+00
9.5500000000e-01,1.8935353947e+00,2.3362495794e+00
9.5600000000e-01,1.8958716443e+00,2.3375648083e+00
9.5700000000e-01,1.8982092091e+00,2.3388822253e+00
9.5800000000e-01,1.9005480913e+00,2.3402018322e+00
9.5900000000e-01,1.9028882931e+00,2.3415236306e+00
9.6000000000e-01,1.9052298168e+00,2.3428476221e+00
9.6100000000e-01,1.9075726644e+00,2.3441738084e+00
9.6200000000e-01,1.9099168382e+00,2.3455021912e+00
9.6300000000e-01,1.9122623404e+00,2.3468327721e+00
9.6400000000e-01,1.9146091732e+00,2.3481655527e+00
9.6500000000e-01,1.9169573387e+00,2.3495005348e+00
9.6600000000e-01,1.9193068392e+00,2.3508377199e+00
9.6700000000e-01,1.9216576770e+00,2.3521771099e+00
9.6800000000e-01,1.9240098541e+00,2.3535187062e+00
9.6900000000e-01,1.9263633728e+00,2.3548625106e+00
9.7000000000e-01,1.9287182353e+00,2.3562085247e+00
9.7100000000e-01,1.9310744438e+00,2.3575567502e+00
9.7200000000e-01,1.9334320006e+00,2.3589071888e+00
9.7300000000e-01,1.9357909078e+00,2.3602598422e+00
9.7400000000e-01,1.9381511676e+00,2.3616147119e+00
9.7500000000e-01,1.9405127823e+00,2.3629717996e+00
9.7600000000e-01,1.9428757541e+00,2.3643311071e+00
9.7700000000e-01,1.9452400852e+00,2.3656926360e+00
9.7800000000e-01,1.9476057779e+00,2.3670563880e+00
9.7900000000e-01,1.9499728342e+00,2.3684223647e+00
9.8000000000e-01,1.9523412566e+00,2.3697905678e+00
9.8100000000e-01,1.9547110472e+00,2.3711609990e+00
9.8200000000e-01,1.9570822082e+00,2.3725336599e+00
9.8300000000e-01,1.9594547418e+00,2.3739085522e+00
9.8400000000e-01,1.9618286504e+00,2.3752856777e+00
9.8500000000e-01,1.9642039361e+00,2.3766650378e+00
9.8600000000e-01,1.9665806011e+00,2.3780466345e+00
9.8700000000e-01,1.9689586477e+00,2.3794304692e+00
9.8800000000e-01,1.9713380782e+00,2.3808165438e+00
9.8900000000e-01,1.9737188948e+00,2.3822048598e+00
9.9000000000e-01,1.9761010996e+00,2.3835954189e+00
9.9100000000e-01,1.9784846950e+00,2.3849882229e+00
9.9200000000e-01,1.9808696833e+00,2.3863832734e+00
9.9300000000e-01,1.9832560665e+00,2.3877805720e+00
9.9400000000e-01,1.9856438471e+00,2.3891801206e+00
9.9500000000e-01,1.9880330272e+00,2.3905819207e+00
9.9600000000e-01,1.9904236091e+00,2.3919859740e+00
9.9700000000e-01,1.9928155951e+00,2.3933922822e+00
9.9800000000e-01,1.9952089874e+00,2.3948008470e+00
9.9900000000e-01,1.9976037882e+00,2.3962116701e+00
1.0000000000e+00,1.9999999999e+00,2.3976247531e+00
